{"type": "Jitter", "version": "2021-04-10", "content": {"setup": {"chs": [8, 9, 10, 11], "linerates": {"8": 10312.5, "9": 10312.5, "10": 10312.5, "11": 10312.5}, "horStepCnt": 512, "verStepSize": 0, "verScale": 2, "targetBER": 1e-12, "BERs": 1e-12, "BERt": 0.0001}, "eyescan": {"8": {"@Series": {"name": "BER", "index": [-0.5, -0.484375, -0.46875, -0.453125, -0.4375, -0.421875, -0.40625, -0.390625, -0.375, -0.359375, -0.34375, -0.328125, -0.3125, 0.328125, 0.34375, 0.359375, 0.375, 0.390625, 0.40625, 0.421875, 0.4375, 0.453125, 0.46875, 0.484375, 0.5], "data": [0.35294592847910383, 0.2974537037037037, 0.22641998341625208, 0.1612891317188423, 0.09923531193216233, 0.05260981953631751, 0.02137866015971606, 0.009378004119935912, 0.003937189999231006, 0.0008849422488592367, 2.6041269302368163e-05, 6.109714835479729e-09, 4.5839232420533876e-11, 5.2387694194895856e-11, 2.5984296320668345e-08, 5.450927939269093e-06, 0.00013962005035477227, 0.0017174029144731823, 0.009173151750972762, 0.02659958762217099, 0.051556894707030024, 0.07151353120907901, 0.09159073121645796, 0.11751362788696026, 0.16403434120945135]}}, "9": {"@Series": {"name": "BER", "index": [-0.5, -0.484375, -0.46875, -0.453125, -0.4375, -0.421875, -0.40625, -0.390625, -0.375, -0.359375, 0.375, 0.390625, 0.40625, 0.421875, 0.4375, 0.453125, 0.46875, 0.484375, 0.5], "data": [0.2634043408360129, 0.1842941507311586, 0.11637839181701946, 0.0584007628145719, 0.019066835024671817, 0.005625810635538262, 0.001388867696126302, 8.92843518938337e-05, 6.004904527832782e-07, 2.3989198300079394e-09, 1.7462564731631953e-11, 8.270270656900893e-08, 2.8831206607156482e-05, 0.00078374151216907, 0.007568665598535134, 0.03452408546864464, 0.07561963445029078, 0.11682651169423845, 0.16834926017262639]}}, "10": {"@Series": {"name": "BER", "index": [-0.5, -0.484375, -0.46875, -0.453125, -0.4375, -0.421875, -0.40625, -0.390625, -0.375, -0.359375, -0.34375, -0.328125, -0.3125, -0.296875, -0.28125, -0.265625, -0.25, -0.234375, -0.21875, 0.28125, 0.296875, 0.3125, 0.328125, 0.34375, 0.359375, 0.375, 0.390625, 0.40625, 0.421875, 0.4375, 0.453125, 0.46875, 0.484375, 0.5], "data": [0.2582558322824716, 0.20157172736220472, 0.15962344115354637, 0.13216965150048401, 0.11368130724396336, 0.09921127528157926, 0.08570699937225361, 0.07082108584767009, 0.05437325766626842, 0.04131676501740052, 0.026399004221584865, 0.013704287673982869, 0.0079998779296875, 0.0031249523162841797, 0.0010416507720947266, 0.00022321087973458425, 6.5927264056628265e-06, 1.8489945623342965e-08, 2.983188141653792e-11, 1.7462564731631953e-11, 5.21548599984741e-09, 9.089847028305486e-07, 5.893797207598993e-05, 0.0014940489814602885, 0.007539291981383993, 0.01461503809031061, 0.019560818071109626, 0.02350609756097561, 0.029171266291574675, 0.04049970336678697, 0.06162547957571654, 0.09746430696014277, 0.14888904034896402, 0.22122265730488794]}}, "11": {"@Series": {"name": "BER", "index": [-0.5, -0.484375, -0.46875, -0.453125, -0.4375, -0.421875, -0.40625, -0.390625, -0.375, -0.359375, -0.34375, -0.328125, -0.3125, -0.296875, -0.28125, -0.265625, -0.25, -0.234375, 0.21875, 0.234375, 0.25, 0.265625, 0.28125, 0.296875, 0.3125, 0.328125, 0.34375, 0.359375, 0.375, 0.390625, 0.40625, 0.421875, 0.4375, 0.453125, 0.46875, 0.484375, 0.5], "data": [0.2262323943661972, 0.18500169376693767, 0.15044765840220387, 0.127998046875, 0.11107627118644067, 0.08933342420937841, 0.06486558714070789, 0.04587229812968977, 0.030368396663577386, 0.017567444403937295, 0.009676508735790035, 0.00368886854352636, 0.000940337224383917, 9.956511787594415e-05, 6.413557640955215e-06, 2.7195034142061495e-08, 2.3283419642175937e-10, 1.455213727635996e-12, 1.7026000613341155e-10, 8.654459721624515e-08, 4.871320835984692e-06, 6.689420461315746e-05, 0.0008036020828564889, 0.0029917219806210424, 0.006598573281452659, 0.00783131151293202, 0.009430457007705806, 0.012419317921721218, 0.026009255143510285, 0.039214337003350884, 0.06335066893511716, 0.09337598313005813, 0.11303815371878019, 0.13272642579390798, 0.18047752808988765, 0.2405130651790957, 0.29194137562366357]}}}, "fit": {"8": {"success": true, "left": {"sigma": 0.01200971680230471, "mu": -0.3915065473048375}, "right": {"sigma": -0.014818269879263919, "mu": 0.42238285382910096}}, "9": {"success": true, "left": {"sigma": 0.014399325197225333, "mu": -0.44231151724603773}, "right": {"sigma": -0.011710227256303217, "mu": 0.45105689676286337}}, "10": {"success": true, "left": {"sigma": 0.013953495768539473, "mu": -0.30890618605935344}, "right": {"sigma": -0.016436918883369563, "mu": 0.3886559636884045}}, "11": {"success": true, "left": {"sigma": 0.01808280986791914, "mu": -0.35989549852664565}, "right": {"sigma": -0.018334237484538114, "mu": 0.33011098165895836}}}, "jitter": {"8": {"RJrms": 0.02682798668156863, "RJpp": 0.18611061095896653, "DJpp": 0.18611059886606146, "TJpp": 0.372221209825028, "center": 0.005696432139564778}, "9": {"RJrms": 0.02610955245352855, "RJpp": 0.18112670237494174, "DJpp": 0.10663158599109895, "TJpp": 0.28775828836604067, "center": 0.01370006990537978}, "10": {"RJrms": 0.030390414651909038, "RJpp": 0.21082382011352685, "DJpp": 0.3024378502522421, "TJpp": 0.513261670365769, "center": 0.03126091045944861}, "11": {"RJrms": 0.03641704735245725, "RJpp": 0.25263166455736247, "DJpp": 0.30999351981439605, "TJpp": 0.5626251843717585, "center": -0.015764357930095854}}}}