{"type": "Jitter", "version": "2021-04-10", "content": {"setup": {"chs": [8, 9, 10, 11], "linerates": {"8": 10312.5, "9": 10312.5, "10": 10312.5, "11": 10312.5}, "horStepCnt": 512, "verStepSize": 0, "verScale": 2, "targetBER": 1e-08, "BERs": 1e-12, "BERt": 0.0001}, "eyescan": {"8": {"@Series": {"name": "BER", "index": [-0.5, -0.484375, -0.46875, -0.453125, -0.4375, -0.421875, -0.40625, -0.390625, -0.375, -0.359375, -0.34375, -0.328125, 0.34375, 0.359375, 0.375, 0.390625, 0.40625, 0.421875, 0.4375, 0.453125, 0.46875, 0.484375, 0.5], "data": [0.35233870967741937, 0.30306603773584906, 0.2323936170212766, 0.16046767874632714, 0.10021868118424272, 0.05395781188249243, 0.02129252982611182, 0.007621499961852445, 0.002925917448691539, 0.00020926317998016327, 4.5181010147249565e-06, 1.1921110856794079e-08, 1.6689555199511712e-07, 9.72762645914397e-06, 0.00048027771419851986, 0.0033993286030365453, 0.012266918440527963, 0.02858794276740534, 0.04943500693983465, 0.06929347826086957, 0.09304719445706497, 0.12235810306198655, 0.160688014907807]}}, "9": {"@Series": {"name": "BER", "index": [-0.5, -0.484375, -0.46875, -0.453125, -0.4375, -0.421875, -0.40625, -0.390625, -0.375, 0.390625, 0.40625, 0.421875, 0.4375, 0.453125, 0.46875, 0.484375, 0.5], "data": [0.2600595238095238, 0.18314050972501678, 0.11580258693808312, 0.054828157419182115, 0.016246306249132342, 0.004422636758983749, 0.0007063325159341115, 3.063129434653239e-05, 1.3113221942473486e-07, 1.6689555199511712e-07, 1.945525291828794e-05, 0.0005233844510566872, 0.006623178454261082, 0.033817185435931305, 0.07543857629615987, 0.11706023149471277, 0.1726058786346397]}}, "10": {"@Series": {"name": "BER", "index": [-0.5, -0.484375, -0.46875, -0.453125, -0.4375, -0.421875, -0.40625, -0.390625, -0.375, -0.359375, -0.34375, -0.328125, -0.3125, -0.296875, -0.28125, -0.265625, -0.25, -0.234375, 0.28125, 0.296875, 0.3125, 0.328125, 0.34375, 0.359375, 0.375, 0.390625, 0.40625, 0.421875, 0.4375, 0.453125, 0.46875, 0.484375, 0.5], "data": [0.30306603773584906, 0.24272222222222223, 0.1967781647850108, 0.1524353368068478, 0.12313054261235533, 0.10892002393298764, 0.0925949474398101, 0.0810114220727848, 0.0643408341187559, 0.05183746756944884, 0.035514935402757304, 0.0223473688517882, 0.011640154313970672, 0.0061419408289347405, 0.0012538379475437135, 8.384713321126115e-05, 2.890869382772564e-06, 1.1921110856794079e-08, 5.3644998855573356e-08, 4.0054932478828105e-06, 5.722133211261158e-05, 0.0009554055085069048, 0.00387445639734493, 0.010337987335011825, 0.01650955279227715, 0.02060486203687401, 0.023241999092095556, 0.02770333107879608, 0.03884061922146887, 0.06268172775269722, 0.10627756875973016, 0.1537802703210062, 0.2238217213114754]}}, "11": {"@Series": {"name": "BER", "index": [-0.5, -0.484375, -0.46875, -0.453125, -0.4375, -0.421875, -0.40625, -0.390625, -0.375, -0.359375, -0.34375, -0.328125, -0.3125, -0.296875, -0.28125, -0.265625, -0.25, -0.234375, 0.203125, 0.21875, 0.234375, 0.25, 0.265625, 0.28125, 0.296875, 0.3125, 0.328125, 0.34375, 0.359375, 0.375, 0.390625, 0.40625, 0.421875, 0.4375, 0.453125, 0.46875, 0.484375, 0.5], "data": [0.22266580592552324, 0.1747413609215017, 0.14910584273753186, 0.12105622875720408, 0.1059065934065934, 0.08729619565217392, 0.06096505916499219, 0.03210863089405401, 0.020994041517170683, 0.01605809189634218, 0.01412538366037866, 0.008717097734035248, 0.003971351186388953, 0.000503547722590982, 5.321583886472877e-05, 1.9073777370870527e-06, 7.152666514076448e-08, 5.9605554283970394e-09, 5.9605554283970394e-09, 2.98027771419852e-07, 2.2292477302204927e-05, 0.00038904545281147476, 0.0018550777640899292, 0.004197184710460059, 0.006792935072861829, 0.007856107423514152, 0.00899671931029221, 0.011464103150988022, 0.019520731562015965, 0.024166961678024602, 0.03581773862096104, 0.049360538684020246, 0.082679400484457, 0.10756138392857142, 0.12506679389312977, 0.15473885530789572, 0.21216977466977466, 0.26640243902439026]}}}, "fit": {"8": {"success": true, "left": {"sigma": 0.01332882637507116, "mu": -0.40089686867580804}, "right": {"sigma": -0.01823838208777986, "mu": 0.43440506163058834}}, "9": {"success": true, "left": {"sigma": 0.01328544762982131, "mu": -0.4416546366897506}, "right": {"sigma": -0.015325358636294412, "mu": 0.46680068940614455}}, "10": {"success": true, "left": {"sigma": 0.01656203049939384, "mu": -0.32415211148831313}, "right": {"sigma": -0.020633504899863167, "mu": 0.38756053595684364}}, "11": {"success": true, "left": {"sigma": 0.024505376872954548, "mu": -0.37355423508896973}, "right": {"sigma": -0.01868583863859558, "mu": 0.30817283967623116}}}, "jitter": {"8": {"RJrms": 0.03156720846285102, "RJpp": 0.21898745228342092, "DJpp": 0.16469806969360357, "TJpp": 0.3836855219770245, "center": -0.00027514287766450263}, "9": {"RJrms": 0.028610806266115722, "RJpp": 0.19847835387042492, "DJpp": 0.09154467390410487, "TJpp": 0.2900230277745298, "center": 0.005497409983721585}, "10": {"RJrms": 0.037195535399257004, "RJpp": 0.25803217737756945, "DJpp": 0.2882873525548432, "TJpp": 0.5463195299324126, "center": 0.017581933936435992}, "11": {"RJrms": 0.04319121551155013, "RJpp": 0.29962529810101224, "DJpp": 0.31827292523479905, "TJpp": 0.6178982233358112, "center": -0.012505101426799989}}}}